T_size,model,mean_n_jobs,median_n_jobs,min_n_jobs,max_n_jobs,mean_runtime,median_runtime,min_runtime,max_runtime,mean_num_vars,mean_num_constrs,optimal_count,timelimit_count,other_status_count,num_runs
3,M3 Base,16.333333333333332,16,11,22,0.0027206738789876304,0.002953052520751953,0.0009641647338867188,0.0047838687896728516,79.88888888888889,140.66666666666666,9,0,0,9
3,M3 Opt,16.333333333333332,16,11,22,0.0025095409817165798,0.0023589134216308594,0.0006530284881591797,0.004687070846557617,79.88888888888889,158,9,0,0,9
5,M3 Base,19.444444444444443,20,13,26,0.017150984870062932,0.010785818099975586,0.0014209747314453125,0.05296897888183594,144.22222222222223,286.55555555555554,9,0,0,9
5,M3 Opt,19.444444444444443,20,13,26,0.01810010274251302,0.01150202751159668,0.0009019374847412109,0.05511116981506348,144.22222222222223,307,9,0,0,9
6,M3 Base,21.22222222222222,22,14,28,0.008140616946750216,0.004144191741943359,0.0009801387786865234,0.020666122436523438,130.66666666666666,263.1111111111111,9,0,0,9
6,M3 Opt,21.22222222222222,22,14,28,0.007837533950805664,0.0041980743408203125,0.003303050994873047,0.02022099494934082,130.66666666666666,285.3333333333333,9,0,0,9
